{
    "year": [
      "2012",
      "2013",
      "2014",
      "2015",
      "2016",
      "2017",
      "2018",
      "2019",
      "2020",
      "2021",
      "2022",
      "2023"
    ],
    "forecast_index": [
      100.09196383985261,
      107.84240579343881,
      114.61175186209353,
      118.24703352561328,
      121.31336695797923,
      125.23600997510881,
      130.11940112980972,
      134.40045337411868,
      138.69323452868602,
      140.85135401622804,
      145.13240626053704,
      149.413458504846
    ],
    "forecast_lower": [
      99.7302218102465,
      107.496148131728,
      114.2285959998407,
      117.88990213894853,
      120.9640377957199,
      124.89720785252938,
      129.7658950996139,
      134.04384352032693,
      138.33253321416606,
      140.12159034871036,
      142.78648307918206,
      144.86227205213686
    ],
    "forecast_upper": [
      100.4793992732648,
      108.22395618691358,
      114.97553168724453,
      118.61936531938404,
      121.67539795397504,
      125.57832063204552,
      130.4846394528809,
      134.7709707355752,
      139.06230593632074,
      141.6327283999073,
      147.4354827490396,
      154.3295852866684
    ],
    "actual_index": [
      100.0,
      107.93438749409385,
      114.61175073956278,
      118.43033632602094,
      121.13006018974323,
      125.05221752593671,
      130.01586640752143,
      135.06599505043272,
      138.31503074018897,
      144.97470295081317,
      157.08720559223258,
      166.35086094819613
    ]
  }
  