{
    "year": [
      "2012",
      "2013",
      "2014",
      "2015",
      "2016",
      "2017",
      "2018",
      "2019",
      "2020",
      "2021",
      "2022",
      "2023",
      "2024",
      "2025",
      "2026",
      "2027"
    ],
    "actual_gdp_constant": [
      8736328.71137281,
      9213016.662272772,
      9801369.876257913,
      10527673.634424318,
      11369493.135959458,
      12308193.223268416,
      13144582.144739117,
      13992913.936278902,
      14534640.775489697,
      13694869.244348833,
      15021846.266426418,
      16164913.37522836,
      17650590.948238384
    ],
    "forecast_gdp": [
      8609008.839263579,
      9304520.355858324,
      10000031.873593533,
      10695543.391167432,
      11392960.420023123,
      12088471.938615048,
      12783983.457571665,
      13479494.976345832,
      14176912.006462919,
      14872423.524763636,
      15567935.051189974,
      16263446.577616313,
      16960863.61507396,
      17311477.644834086,
      18006989.171260428,
      18702500.69768677
    ],
    "forecast_lower": [
      8040318.867180576,
      8706060.017814785,
      9427317.625650957,
      10111741.150630156,
      10825202.303554643,
      11531818.97762346,
      12165266.610459602,
      12957312.671479937,
      13601897.701748898,
      14270826.352460114,
      15014933.392730087,
      15658280.868406793,
      16334680.195657488,
      16755102.56557939,
      17428342.43477728,
      18094008.648071237
    ],
    "forecast_upper": [
      9192578.462136272,
      9942650.761811225,
      10616352.201271648,
      11327596.62604615,
      12013219.84124718,
      12683441.17315155,
      13388325.311373757,
      14043392.49864692,
      14763034.467135517,
      15437366.719259331,
      16167995.655466247,
      16894340.39615681,
      17531775.887809843,
      17942623.408672586,
      18582319.341988336,
      19293955.69634708
    ]
  }
  