{
    "year": [
      "2013",
      "2014",
      "2015",
      "2016",
      "2017",
      "2018",
      "2019",
      "2020",
      "2021",
      "2022",
      "2023",
      "2024"
    ],
    "agri_growth_pct": [
      1.487460494460957,
      5.570475656358043,
      -0.21644819122064174,
      0.6495993119755683,
      6.7975586307784,
      6.605921518930602,
      2.0964660032194438,
      6.160309154107901,
      4.0056939182663065,
      4.6231556295724285,
      6.2610361101470335,
      2.6586941940552
    ],
    "ind_growth_pct": [
      2.2665160585661592,
      3.0216233424986028,
      7.287242314327114,
      7.985726777410473,
      8.44367939287174,
      4.460124279874211,
      4.874934417568277,
      -0.5031890980037868,
      -3.1156756508399774,
      11.59787658031599,
      5.325848659705468,
      9.07416431242256
    ],
    "serv_growth_pct": [
      7.796919962862714,
      7.13821991447019,
      9.345528363952837,
      8.681197672576978,
      7.760491748978926,
      6.663492463087284,
      6.727106737808675,
      5.994818821554904,
      -8.07745499432463,
      8.946848290587074,
      9.509964552445705,
      8.579675098060369
    ]
  }
  