{
    "year": [
      "2012",
      "2013",
      "2014",
      "2015",
      "2016",
      "2017",
      "2018",
      "2019",
      "2020",
      "2021",
      "2022",
      "2023",
      "2024"
    ],
    "nominal_gdp": [
      8736328.71137281,
      9944013.104152925,
      11233521.611639312,
      12467959.292554552,
      13771873.878856417,
      15391668.563074222,
      17090042.361130927,
      18899668.44458577,
      20103592.85659462,
      19854096.006496992,
      23597398.52829038,
      26890472.571222488,
      30122955.89765176
    ],
    "real_gdp": [
      8736328.71137281,
      9213016.662272772,
      9801369.876257913,
      10527673.634424318,
      11369493.135959458,
      12308193.223268416,
      13144582.144739117,
      13992913.936278902,
      14534640.775489697,
      13694869.244348833,
      15021846.266426418,
      16164913.37522836,
      17650590.948238384
    ]
  }
  