{
    "year": [
      "2012",
      "2013",
      "2014",
      "2015",
      "2016",
      "2017",
      "2018",
      "2019",
      "2020",
      "2021",
      "2022",
      "2023",
      "2024"
    ],
    "agri_share_pct": [
      9.090909090909092,
      8.769064842220237,
      8.771122364180107,
      8.119112774771589,
      7.581252325435246,
      7.5022282114560985,
      7.552411032934539,
      7.291769999913751,
      7.456891655207825,
      8.212909762547515,
      7.849043508530025,
      7.734361602540075,
      7.332467209890192
    ],
    "ind_share_pct": [
      36.36363636363637,
      35.34551780628972,
      34.500242470918025,
      34.33718395560357,
      34.3994388449454,
      34.56555996813784,
      34.096370661611466,
      33.81555267201168,
      32.41069527529541,
      33.25247416508885,
      33.89781976268299,
      33.10856998828656,
      33.34972358172499
    ],
    "serv_share_pct": [
      54.54545454545454,
      55.88541735149004,
      56.72863516490187,
      57.54370326962485,
      58.01930882961934,
      57.93221182040605,
      58.351218305454,
      58.89267732807457,
      60.13241306949677,
      58.53461607236364,
      58.253136728786984,
      59.157068409173355,
      59.31780920838482
    ]
  }
  