{
    "year": [
      "2012",
      "2013",
      "2014",
      "2015",
      "2016",
      "2017",
      "2018",
      "2019",
      "2020",
      "2021",
      "2022",
      "2023",
      "2024"
    ],
    "pfce_pct_gdp": [
      56.20721740681138,
      56.46095214136072,
      57.64576424307681,
      58.12771710128586,
      59.00728107780642,
      59.2952829733065,
      58.725149676238594,
      59.28832281239897,
      60.91128763805273,
      61.098128710306156,
      60.95037963355788,
      61.46363434281636,
      60.18808880097664
    ],
    "gfce_pct_gdp": [
      11.084461585555786,
      10.683856231782265,
      10.295160141988863,
      10.440856808081367,
      10.428290709183171,
      10.308548377301689,
      10.767198954794209,
      10.82321852585985,
      11.002675513356117,
      11.612452410609837,
      10.476378240073245,
      10.255037910788321,
      10.305422243372615
    ],
    "gfcf_pct_gdp": [
      34.3134166469138,
      33.43693432560958,
      31.29580084779988,
      30.080237058867638,
      28.733144128765332,
      28.188438712065505,
      28.17781361558991,
      29.46306815126575,
      28.4545443348135,
      27.324321373866866,
      29.578034515866186,
      31.223094436124516,
      30.426045571427835
    ],
    "net_exports_pct_gdp": [
      -6.543057374385085,
      -6.724860405913198,
      -2.9824093456465453,
      -2.9862597308279653,
      -2.2965355530383076,
      -1.7660159439242675,
      -3.158967275929349,
      -3.761312134692927,
      -2.576873736100519,
      -0.3931514699694841,
      -2.624772122952292,
      -3.5721877408546683,
      -2.0954467210660894
    ]
  }
  