{
    "year": [
      "2013",
      "2014",
      "2015",
      "2016",
      "2017",
      "2018",
      "2019",
      "2020",
      "2021",
      "2022",
      "2023",
      "2024"
    ],
    "deflator_yoy_pct": [
      7.934387494093853,
      6.186502189429022,
      3.331757487184106,
      2.279588108481234,
      3.2379719204709723,
      3.9692609853601457,
      3.8842402719389435,
      2.4055171611056414,
      4.814857918900883,
      8.354907714850723,
      5.8971418589049085,
      2.5919495451331986
    ],
    "cluster": [
      2,
      2,
      0,
      0,
      0,
      0,
      0,
      0,
      0,
      1,
      1,
      0
    ],
    "regime": [
      "Moderate",
      "Moderate",
      "Low",
      "Low",
      "Low",
      "Low",
      "Low",
      "Low",
      "Low",
      "High",
      "High",
      "Low"
    ]
  }
  